Workbook

Sheet Inputs
A1: Variable | B1: Mean_NOR_12 | C1: Mean_NOR_22 | D1: Coef_NOR_12 | E1: Coef_NOR_22 | F1: Mean_FIN_12 | G1: Mean_FIN_22 | H1: Coef_FIN_12 | I1: Coef_FIN_22
A2: (Intercept) | B2: 1 | C2: 1 | D2: 489.8382 | E2: 478.0352 | F2: 1 | G2: 1 | H2: 519.2641 | I2: 490.3912
A3: ESCS | B3: 0.3312 | C3: 0.512 | D3: 11.5088 | E3: 20.959 | F3: 0.2829 | G3: 0.2587 | H3: 18.6063 | I3: 24.1643
A4: LANGN_Other | B4: 0.078 | C4: 0.1408 | D4: -36.189 | E4: -19.7696 | F4: 0.0375 | G4: 0.0802 | H4: -66.2327 | I4: -48.0607
A5: MATHEFF | B5: -0.0266 | C5: -0.5523 | D5: 34.6006 | E5: 26.4546 | F5: -0.2683 | G5: -0.3928 | H5: 35.7414 | I5: 27.6935
A6: ANXMAT | B6: 0.0181 | C6: 0.2203 | D6: -23.207 | E6: -10.3512 | F6: -0.3049 | G6: -0.2538 | H6: -22.7676 | I6: -9.8302
A7: TEACHSUP | B7: -0.0372 | C7: -0.1841 | D7: 2.9613 | E7: 3.4595 | F7: 0.1568 | G7: -0.008 | H7: -4.1257 | I7: 4.1732

Sheet Decomposition
A1: Variable | B1: Endowment_NOR | C1: Coefficient_NOR | D1: Interaction_NOR | E1: Endowment_FIN | F1: Coefficient_FIN | G1: Interaction_FIN
A2: (Intercept) | B2: =0 -> 0 | C2: =(Inputs!D2-Inputs!E2)*Inputs!C2 -> 11.803 | D2: =0 -> 0 | E2: =0 -> 0 | F2: =(Inputs!H2-Inputs!I2)*1 -> 28.8729 | G2: =0 -> 0
A3: ESCS | B3: =(Inputs!B3-Inputs!C3)*Inputs!E3 -> -3.7893872 | C3: =Inputs!C3*(Inputs!D3-Inputs!E3) -> -4.8385024 | D3: =(Inputs!B3-Inputs!C3)*(Inputs!D3-Inputs!E3) -> 1.7085962 | E3: =(Inputs!F3-Inputs!G3)*Inputs!I3 -> 0.58477606 | F3: =Inputs!G3*(Inputs!H3-Inputs!I3) -> -1.4378546 | G3: =(Inputs!F3-Inputs!G3)*(Inputs!H3-Inputs!I3) -> -0.1345036
A4: LANGNOther | B4: =(Inputs!B4-Inputs!C4)*Inputs!E4 -> 1.2415309 | C4: =Inputs!C4*(Inputs!D4-Inputs!E4) -> -2.3118515 | D4: =(Inputs!B4-Inputs!C4)*(Inputs!D4-Inputs!E4) -> 1.0311383 | E4: =(Inputs!F4-Inputs!G4)*Inputs!I4 -> 2.0521919 | F4: =Inputs!G4*(Inputs!H4-Inputs!I4) -> -1.4573944 | G4: =(Inputs!F4-Inputs!G4)*(Inputs!H4-Inputs!I4) -> 0.7759444
A5: MATHEFF | B5: =(Inputs!B5-Inputs!C5)*Inputs!E5 -> 13.907183 | C5: =Inputs!C5*(Inputs!D5-Inputs!E5) -> -4.4990358 | D5: =(Inputs!B5-Inputs!C5)*(Inputs!D5-Inputs!E5) -> 4.2823522 | E5: =(Inputs!F5-Inputs!G5)*Inputs!I5 -> 3.4478408 | F5: =Inputs!G5*(Inputs!H5-Inputs!I5) -> -3.1612151 | G5: =(Inputs!F5-Inputs!G5)*(Inputs!H5-Inputs!I5) -> 1.0019635
A6: ANXMAT | B6: =(Inputs!B6-Inputs!C6)*Inputs!E6 -> 2.0930126 | C6: =Inputs!C6*(Inputs!D6-Inputs!E6) -> -2.8321327 | D6: =(Inputs!B6-Inputs!C6)*(Inputs!D6-Inputs!E6) -> 2.5994428 | E6: =(Inputs!F6-Inputs!G6)*Inputs!I6 -> 0.50232322 | F6: =Inputs!G6*(Inputs!H6-Inputs!I6) -> 3.2835121 | G6: =(Inputs!F6-Inputs!G6)*(Inputs!H6-Inputs!I6) -> 0.66110114
A7: TEACHSUP | B7: =(Inputs!B7-Inputs!C7)*Inputs!E7 -> 0.50820055 | C7: =Inputs!C7*(Inputs!D7-Inputs!E7) -> 0.09171862 | D7: =(Inputs!B7-Inputs!C7)*(Inputs!D7-Inputs!E7) -> -0.07318558 | E7: =(Inputs!F7-Inputs!G7)*Inputs!I7 -> 0.68774336 | F7: =Inputs!G7*(Inputs!H7-Inputs!I7) -> 0.0663912 | G7: =(Inputs!F7-Inputs!G7)*(Inputs!H7-Inputs!I7) -> -1.3676587
A8: TOTAL | B8: =SUM(B2:B7) -> 13.96054 | C8: =SUM(C2:C7) -> -2.5868038 | D8: =SUM(D2:D7) -> 9.5483439 | E8: =SUM(E2:E7) -> 7.2748753 | F8: =SUM(F2:F7) -> 26.166339 | G8: =SUM(G2:G7) -> 0.93684677

Sheet Summary
A1: Component | B1: Points_NOR | C1: Points_FIN
A2: Total gap (2012 − 2022) | B2: =Decomposition!B8+Decomposition!C8+Decomposition!D8 -> 20.92208 | C2: =Decomposition!E8+Decomposition!F8+Decomposition!G8 -> 34.378061
A3: Observed gap check | B3: =(Inputs!B2*Inputs!D2+Inputs!B3*Inputs!D3+Inputs!B4*Inputs!D4+Inputs!B5*Inputs!D5+Inputs!B6*Inputs!D6+Inputs!B7*Inputs!D7)-(Inputs!C2*Inputs!E2+Inputs!C3*Inputs!E3+Inputs!C4*Inputs!E4+Inputs!C5*Inputs!E5+Inputs!C6*Inputs!E6+Inputs!C7*Inputs!E7) -> 20.92208 | C3: =(Inputs!F2*Inputs!H2+Inputs!F3*Inputs!H3+Inputs!F4*Inputs!H4+Inputs!F5*Inputs!H5+Inputs!F6*Inputs!H6+Inputs!F7*Inputs!H7)-(Inputs!G2*Inputs!I2+Inputs!G3*Inputs!I3+Inputs!G4*Inputs!I4+Inputs!G5*Inputs!I5+Inputs!G6*Inputs!I6+Inputs!G7*Inputs!I7) -> 34.378061
A4: Endowment effect | B4: =Decomposition!B8 -> 13.96054 | C4: =Decomposition!E8 -> 7.2748753
A5: Coefficient effect | B5: =Decomposition!C8 -> -2.5868038 | C5: =Decomposition!F8 -> 26.166339
A6: Interaction effect | B6: =Decomposition!D8 -> 9.5483439 | C6: =Decomposition!G8 -> 0.93684677
A7: Sum check (should = Total gap) | B7: =SUM(B4:B6) -> 20.92208 | C7: =SUM(C4:C6) -> 34.378061
A9: Variable contributions to Endowment | B9: NOR | C9: FIN
A10: (Intercept) | B10: =Decomposition!B2 -> 0 | C10: =Decomposition!E2 -> 0
A11: ESCS | B11: =Decomposition!B3 -> -3.7893872 | C11: =Decomposition!E3 -> 0.58477606
A12: LANGNOther | B12: =Decomposition!B4 -> 1.2415309 | C12: =Decomposition!E4 -> 2.0521919
A13: MATHEFF | B13: =Decomposition!B5 -> 13.907183 | C13: =Decomposition!E5 -> 3.4478408
A14: ANXMAT | B14: =Decomposition!B6 -> 2.0930126 | C14: =Decomposition!E6 -> 0.50232322
A15: TEACHSUP | B15: =Decomposition!B7 -> 0.50820055 | C15: =Decomposition!E7 -> 0.68774336
B16: =SUM(B10:B15) -> 13.96054 | C16: =SUM(C10:C15) -> 7.2748753

Sheet means_table_2012
A1: variable | B1: mean_NOR | C1: se | D1: mean_FIN | E1: se | F1: diff_NOR_minus_FIN
A2: ESCS | B2: 0.3312 | C2: 0.0097 | D2: 0.2829 | E2: 0.0078 | F2: 0.0483
A3: MATHEFF | B3: -0.0266 | C3: 0.0154 | D3: -0.2683 | E3: 0.0103 | F3: 0.2417
A4: ANXMAT | B4: 0.0181 | C4: 0.0137 | D4: -0.3049 | E4: 0.0104 | F4: 0.323
A5: TEACHSUP | B5: -0.0372 | C5: 0.0151 | D5: 0.1568 | E5: 0.0124 | F5: -0.194
A6: LANGN_Majority | B6: 0.922 | C6: 0.0033 | D6: 0.9625 | E6: 0.0012 | F6: -0.0405
A7: LANGN_Other | B7: 0.078 | C7: 0.0033 | D7: 0.0375 | E7: 0.0012 | F7: 0.0405
A8: PV_MATH | B8: 489.3731 | C8: 1.3855 | D8: 518.7503 | E8: 1.0214 | F8: -29.3773

Sheet means_table_2022
A1: variable | B1: mean_NOR | C1: se | D1: mean_FIN | E1: se | F1: diff_NOR_minus_FIN
A2: ESCS | B2: 0.512 | C2: 0.0098 | D2: 0.2587 | E2: 0.007 | F2: 0.2533
A3: MATHEFF | B3: -0.5523 | C3: 0.0132 | D3: -0.3928 | E3: 0.0106 | F3: -0.1594
A4: ANXMAT | B4: 0.2203 | C4: 0.0123 | D4: -0.2538 | E4: 0.0097 | F4: 0.4742
A5: TEACHSUP | B5: -0.1841 | C5: 0.0117 | D5: -0.008 | E5: 0.0098 | F5: -0.176
A6: LANGNMajority | B6: 0.8592 | C6: 0.0038 | D6: 0.9198 | E6: 0.0015 | F6: -0.0606
A7: LANGNOther | B7: 0.1408 | C7: 0.0038 | D7: 0.0802 | E7: 0.0015 | F7: 0.0606
A8: PV_MATH | B8: 468.4499 | C8: 1.072 | D8: 484.3674 | E8: 0.9801 | F8: -15.9174

Sheet reg_results_2012
A1: cycle | B1: country | C1: variable | D1: coefficient | E1: se | F1: z_value | G1: p_value | H1: significant
A2: 2012 | B2: NOR | C2: (Intercept) | D2: 489.8382 | E2: 1.2427 | F2: 394.184 | G2: 0 | H2: *
A3: 2012 | B3: NOR | C3: ESCS | D3: 11.5088 | E3: 1.2866 | F3: 8.945 | G3: 0 | H3: *
A4: 2012 | B4: NOR | C4: LANGNOther | D4: -36.189 | E4: 3.3673 | F4: -10.747 | G4: 0 | H4: *
A5: 2012 | B5: NOR | C5: MATHEFF | D5: 34.6006 | E5: 1.5484 | F5: 22.346 | G5: 0 | H5: *
A6: 2012 | B6: NOR | C6: ANXMAT | D6: -23.207 | E6: 1.2913 | F6: -17.971 | G6: 0 | H6: *
A7: 2012 | B7: NOR | C7: TEACHSUP | D7: 2.9613 | E7: 1.4731 | F7: 2.01 | G7: 0.0444 | H7: *
A8: 2012 | B8: FIN | C8: (Intercept) | D8: 519.2641 | E8: 1.0596 | F8: 490.035 | G8: 0 | H8: *
A9: 2012 | B9: FIN | C9: ESCS | D9: 18.6063 | E9: 0.9082 | F9: 20.487 | G9: 0 | H9: *
A10: 2012 | B10: FIN | C10: LANGNOther | D10: -66.2327 | E10: 2.9405 | F10: -22.524 | G10: 0 | H10: *
A11: 2012 | B11: FIN | C11: MATHEFF | D11: 35.7414 | E11: 1.2374 | F11: 28.885 | G11: 0 | H11: *
A12: 2012 | B12: FIN | C12: ANXMAT | D12: -22.7676 | E12: 1.3268 | F12: -17.16 | G12: 0 | H12: *
A13: 2012 | B13: FIN | C13: TEACHSUP | D13: -4.1257 | E13: 1.1889 | F13: -3.47 | G13: 0.0005 | H13: *

Sheet reg_results_2022
A1: cycle | B1: country | C1: variable | D1: coefficient | E1: se | F1: z_value | G1: p_value | H1: significant
A2: 2022 | B2: NOR | C2: (Intercept) | D2: 478.0352 | E2: 1.3101 | F2: 364.884 | G2: 0 | H2: *
A3: 2022 | B3: NOR | C3: ESCS | D3: 20.959 | E3: 1.1317 | F3: 18.521 | G3: 0 | H3: *
A4: 2022 | B4: NOR | C4: LANGNOther | D4: -19.7696 | E4: 2.1797 | F4: -9.07 | G4: 0 | H4: *
A5: 2022 | B5: NOR | C5: MATHEFF | D5: 26.4546 | E5: 0.8245 | F5: 32.087 | G5: 0 | H5: *
A6: 2022 | B6: NOR | C6: ANXMAT | D6: -10.3512 | E6: 0.8234 | F6: -12.572 | G6: 0 | H6: *
A7: 2022 | B7: NOR | C7: TEACHSUP | D7: 3.4595 | E7: 0.9286 | F7: 3.726 | G7: 0.0002 | H7: *
A8: 2022 | B8: FIN | C8: (Intercept) | D8: 490.3912 | E8: 0.9459 | F8: 518.464 | G8: 0 | H8: *
A9: 2022 | B9: FIN | C9: ESCS | D9: 24.1643 | E9: 0.7926 | F9: 30.488 | G9: 0 | H9: *
A10: 2022 | B10: FIN | C10: LANGNOther | D10: -48.0607 | E10: 2.1153 | F10: -22.72 | G10: 0 | H10: *
A11: 2022 | B11: FIN | C11: MATHEFF | D11: 27.6935 | E11: 0.6013 | F11: 46.058 | G11: 0 | H11: *
A12: 2022 | B12: FIN | C12: ANXMAT | D12: -9.8302 | E12: 0.6617 | F12: -14.857 | G12: 0 | H12: *
A13: 2022 | B13: FIN | C13: TEACHSUP | D13: 4.1732 | E13: 0.8254 | F13: 5.056 | G13: 0 | H13: *
