Workbook

Sheet Inputs
A1: Variable | B1: Mean_NOR_12 | C1: Mean_NOR_22 | D1: Coef_NOR_12 | E1: Coef_NOR_22 | F1: Mean_FIN_12 | G1: Mean_FIN_22 | H1: Coef_FIN_12 | I1: Coef_FIN_22
A2: (Intercept) | B2: 1 | C2: 1 | D2: 489.8382 | E2: 478.0352 | F2: 1 | G2: 1 | H2: 519.2641 | I2: 490.3912
A3: ESCS | B3: 0.3312 | C3: 0.512 | D3: 11.5088 | E3: 20.959 | F3: 0.2829 | G3: 0.2587 | H3: 18.6063 | I3: 24.1643
A4: LANGN_Other | B4: 0.078 | C4: 0.1408 | D4: -36.189 | E4: -19.7696 | F4: 0.0375 | G4: 0.0802 | H4: -66.2327 | I4: -48.0607
A5: MATHEFF | B5: -0.0266 | C5: -0.5523 | D5: 34.6006 | E5: 26.4546 | F5: -0.2683 | G5: -0.3928 | H5: 35.7414 | I5: 27.6935
A6: ANXMAT | B6: 0.0181 | C6: 0.2203 | D6: -23.207 | E6: -10.3512 | F6: -0.3049 | G6: -0.2538 | H6: -22.7676 | I6: -9.8302
A7: TEACHSUP | B7: -0.0372 | C7: -0.1841 | D7: 2.9613 | E7: 3.4595 | F7: 0.1568 | G7: -0.008 | H7: -4.1257 | I7: 4.1732

Sheet Decomposition
A1: Variable | B1: Endowment_NOR | C1: Coefficient_NOR | D1: Interaction_NOR | E1: Endowment_FIN | F1: Coefficient_FIN | G1: Interaction_FIN
A2: (Intercept) | B2: =0 -> 0 | C2: =Inputs!D2 - Inputs!E2 -> 11.803 | D2: =0 -> 0 | E2: =0 -> 0 | F2: =Inputs!H2 - Inputs!I2 -> 28.8729 | G2: =0 -> 0
A3: ESCS | B3: =(Inputs!B3 - Inputs!C3)*Inputs!E3 -> -3.7893872 | C3: =Inputs!C3*(Inputs!D3-Inputs!E3) -> -4.8385024 | D3: =(Inputs!B3-Inputs!C3)*(Inputs!D3-Inputs!E3) -> 1.7085962 | E3: =(Inputs!F3 - Inputs!G3) * Inputs!I3 -> 0.58477606 | F3: =Inputs!G3 * (Inputs!H3 - Inputs!I3) -> -1.4378546 | G3: =(Inputs!F3 - Inputs!G3) * (Inputs!H3 - Inputs!I3) -> -0.1345036
A4: LANGNOther | B4: =(Inputs!B4 - Inputs!C4)*Inputs!E4 -> 1.2415309 | C4: =Inputs!C4*(Inputs!D4-Inputs!E4) -> -2.3118515 | D4: =(Inputs!B4-Inputs!C4)*(Inputs!D4-Inputs!E4) -> 1.0311383 | E4: =(Inputs!F4 - Inputs!G4) * Inputs!I4 -> 2.0521919 | F4: =Inputs!G4 * (Inputs!H4 - Inputs!I4) -> -1.4573944 | G4: =(Inputs!F4 - Inputs!G4) * (Inputs!H4 - Inputs!I4) -> 0.7759444
A5: MATHEFF | B5: =(Inputs!B5 - Inputs!C5)*Inputs!E5 -> 13.907183 | C5: =Inputs!C5*(Inputs!D5-Inputs!E5) -> -4.4990358 | D5: =(Inputs!B5-Inputs!C5)*(Inputs!D5-Inputs!E5) -> 4.2823522 | E5: =(Inputs!F5 - Inputs!G5) * Inputs!I5 -> 3.4478408 | F5: =Inputs!G5 * (Inputs!H5 - Inputs!I5) -> -3.1612151 | G5: =(Inputs!F5 - Inputs!G5) * (Inputs!H5 - Inputs!I5) -> 1.0019635
A6: ANXMAT | B6: =(Inputs!B6 - Inputs!C6)*Inputs!E6 -> 2.0930126 | C6: =Inputs!C6*(Inputs!D6-Inputs!E6) -> -2.8321327 | D6: =(Inputs!B6-Inputs!C6)*(Inputs!D6-Inputs!E6) -> 2.5994428 | E6: =(Inputs!F6 - Inputs!G6) * Inputs!I6 -> 0.50232322 | F6: =Inputs!G6 * (Inputs!H6 - Inputs!I6) -> 3.2835121 | G6: =(Inputs!F6 - Inputs!G6) * (Inputs!H6 - Inputs!I6) -> 0.66110114
A7: TEACHSUP | B7: =(Inputs!B7 - Inputs!C7)*Inputs!E7 -> 0.50820055 | C7: =Inputs!C7*(Inputs!D7-Inputs!E7) -> 0.09171862 | D7: =(Inputs!B7-Inputs!C7)*(Inputs!D7-Inputs!E7) -> -0.07318558 | E7: =(Inputs!F7 - Inputs!G7) * Inputs!I7 -> 0.68774336 | F7: =Inputs!G7 * (Inputs!H7 - Inputs!I7) -> 0.0663912 | G7: =(Inputs!F7 - Inputs!G7) * (Inputs!H7 - Inputs!I7) -> -1.3676587
A8: TOTAL | B8: =SUM(B2:B7) -> 13.96054 | C8: =SUM(C2:C7) -> -2.5868038 | D8: =SUM(D2:D7) -> 9.5483439 | E8: =SUM(E2:E7) -> 7.2748753 | F8: =SUM(F2:F7) -> 26.166339 | G8: =SUM(G2:G7) -> 0.93684677
A10: Note. Bolded values indicate results that satisfy the dual-criterion rule for statistical meaningfulness (Olsen & Blömeke, 2018).
A11: Endowment Component: A contribution is considered meaningful if both the difference between the 2012 and 2022 predictor means is statistically significant (marker a), and the variable’s regression coefficient in 2022 is statistically significant
A12: Coefficient Component: A contribution is considered meaningful if both the difference between the 2012 and 2022 regression coefficients is statistically significant (marker b), and the predictor mean in 2022 is statistically significant
A13: Marker a: Indicates a statistically significant difference between the 2012 and 2022 predictor means (p<.05)
A14: Marker b: Indicates a statistically significant difference between the 2012 and 2022 regression coefficients
A15: The dual criterion approach relies on the simplifying assumption that the two factors in each product term are independent.
A16: Interaction effects are reported for completeness but were not subjected to formal significance testing

Sheet Dual criterion tests
A1: Country | B1: Variable | C1: Mean 2012 | D1: SE Mean 2012 | E1: Mean 2022 | F1: SE Mean 2022 | G1: Diff Mean 2012 2022 | H1: SE Diff Mean | I1: t Diff Mean | J1: a marker
A2: NOR | B2: ESCS | C2: 0.3312 | D2: 0.0097 | E2: 0.512 | F2: 0.0098 | G2: =C2-E2 -> -0.1808 | H2: =SQRT(D2^2 + F2^2) -> 0.013788764 | I2: =G2 / H2 -> -13.112126 | J2: =IF(ABS(I2)>1.96,"a","") -> a
A3: NOR | B3: LANGNOther | C3: 0.078 | D3: 0.0033 | E3: 0.1408 | F3: 0.0038 | G3: =C3 - E3 -> -0.0628 | H3: =SQRT(D3^2 + F3^2) -> 0.0050328918 | I3: =G3 / H3 -> -12.477916 | J3: =IF(ABS(I3)>1.96,"a","") -> a
A4: NOR | B4: MATHEFF | C4: -0.0266 | D4: 0.0154 | E4: -0.5523 | F4: 0.0132 | G4: =C4 - E4 -> 0.5257 | H4: =SQRT(D4^2 + F4^2) -> 0.020282998 | I4: =G4 / H4 -> 25.918259 | J4: =IF(ABS(I4)>1.96,"a","") -> a
A5: NOR | B5: ANXMAT | C5: 0.0181 | D5: 0.0137 | E5: 0.2203 | F5: 0.0123 | G5: =C5 - E5 -> -0.2022 | H5: =SQRT(D5^2 + F5^2) -> 0.01841141 | I5: =G5 / H5 -> -10.98232 | J5: =IF(ABS(I5)>1.96,"a","") -> a
A6: NOR | B6: TEACHSUP | C6: -0.0372 | D6: 0.0151 | E6: -0.1841 | F6: 0.0117 | G6: =C6 - E6 -> 0.1469 | H6: =SQRT(D6^2 + F6^2) -> 0.019102356 | I6: =G6 / H6 -> 7.6901509 | J6: =IF(ABS(I6)>1.96,"a","") -> a
A8: Country | B8: Variable | C8: Beta 2012 | D8: SE Beta 2012 | E8: Beta 2022 | F8: SE Beta 2022 | G8: Diff Beta 2012 2022 | H8: SE Diff Beta | I8: t Diff Beta | J8: b marker
A9: NOR | B9: ESCS | C9: 11.5088 | D9: 1.2866 | E9: 20.959 | F9: 1.1317 | G9: =C9-E9 -> -9.4502 | H9: =SQRT(D9^2 + F9^2) -> 1.7135006 | I9: =G9/H9 -> -5.5151424 | J9: =IF(ABS(I9)>1.96,"b","") -> b
A10: NOR | B10: LANGNOther | C10: -36.189 | D10: 3.3673 | E10: -19.7696 | F10: 2.1797 | G10: =C10-E10 -> -16.4194 | H10: =SQRT(D10^2 + F10^2) -> 4.0112095 | I10: =G10/H10 -> -4.0933789 | J10: =IF(ABS(I10)>1.96,"b","") -> b
A11: NOR | B11: MATHEFF | C11: 34.6006 | D11: 1.5484 | E11: 26.4546 | F11: 0.8245 | G11: =C11-E11 -> 8.146 | H11: =SQRT(D11^2 + F11^2) -> 1.7542357 | I11: =G11/H11 -> 4.6436178 | J11: =IF(ABS(I11)>1.96,"b","") -> b
A12: NOR | B12: ANXMAT | C12: -23.207 | D12: 1.2913 | E12: -10.3512 | F12: 0.8234 | G12: =C12-E12 -> -12.8558 | H12: =SQRT(D12^2 + F12^2) -> 1.531484 | I12: =G12/H12 -> -8.3943417 | J12: =IF(ABS(I12)>1.96,"b","") -> b
A13: NOR | B13: TEACHSUP | C13: 2.9613 | D13: 1.4731 | E13: 3.4595 | F13: 0.9286 | G13: =C13-E13 -> -0.4982 | H13: =SQRT(D13^2 + F13^2) -> 1.7413562 | I13: =G13/H13 -> -0.28609884 | J13: =IF(ABS(I13)>1.96,"b","")
A15: Country | B15: Variable | C15: Mean 2012 | D15: SE Mean 2012 | E15: Mean 2022 | F15: SE Mean 2022 | G15: Diff Mean 2012 2022 | H15: SE Diff Mean | I15: t Diff Mean | J15: a marker
A16: FIN | B16: ESCS | C16: 0.2829 | D16: 0.0078 | E16: 0.2587 | F16: 0.007 | G16: =C16-E16 -> 0.0242 | H16: =SQRT(D16^2 + F16^2) -> 0.010480458 | I16: =G16/H16 -> 2.3090594 | J16: =IF(ABS(I16)>1.96,"a","") -> a
A17: FIN | B17: LANGNOther | C17: 0.0375 | D17: 0.0012 | E17: 0.0802 | F17: 0.0015 | G17: =C17-E17 -> -0.0427 | H17: =SQRT(D17^2 + F17^2) -> 0.0019209373 | I17: =G17/H17 -> -22.228732 | J17: =IF(ABS(I17)>1.96,"a","") -> a
A18: FIN | B18: MATHEFF | C18: -0.2683 | D18: 0.0103 | E18: -0.3928 | F18: 0.0106 | G18: =C18-E18 -> 0.1245 | H18: =SQRT(D18^2 + F18^2) -> 0.014780054 | I18: =G18/H18 -> 8.4235145 | J18: =IF(ABS(I18)>1.96,"a","") -> a
A19: FIN | B19: ANXMAT | C19: -0.3049 | D19: 0.0104 | E19: -0.2538 | F19: 0.0097 | G19: =C19-E19 -> -0.0511 | H19: =SQRT(D19^2 + F19^2) -> 0.014221463 | I19: =G19/H19 -> -3.5931607 | J19: =IF(ABS(I19)>1.96,"a","") -> a
A20: FIN | B20: TEACHSUP | C20: 0.1568 | D20: 0.0124 | E20: -0.008 | F20: 0.0098 | G20: =C20-E20 -> 0.1648 | H20: =SQRT(D20^2 + F20^2) -> 0.015805062 | I20: =G20/H20 -> 10.427039 | J20: =IF(ABS(I20)>1.96,"a","") -> a
A22: Country | B22: Variable | C22: Beta 2012 | D22: SE Beta 2012 | E22: Beta 2022 | F22: SE Beta 2022 | G22: Diff Beta 2012 2022 | H22: SE Diff Beta | I22: t Diff Beta | J22: b marker
A23: FIN | B23: ESCS | C23: 18.6063 | D23: 0.9082 | E23: 24.1643 | F23: 0.7926 | G23: =C23-E23 -> -5.558 | H23: =SQRT(D23^2 + F23^2) -> 1.2054219 | I23: =G23/H23 -> -4.6108337 | J23: =IF(ABS(I23)>1.96,"b","") -> b
A24: FIN | B24: LANGNOther | C24: -66.2327 | D24: 2.9405 | E24: -48.0607 | F24: 2.1153 | G24: =C24-E24 -> -18.172 | H24: =SQRT(D24^2 + F24^2) -> 3.6222968 | I24: =G24/H24 -> -5.0167065 | J24: =IF(ABS(I24)>1.96,"b","") -> b
A25: FIN | B25: MATHEFF | C25: 35.7414 | D25: 1.2374 | E25: 27.6935 | F25: 0.6013 | G25: =C25-E25 -> 8.0479 | H25: =SQRT(D25^2 + F25^2) -> 1.3757618 | I25: =G25/H25 -> 5.8497773 | J25: =IF(ABS(I25)>1.96,"b","") -> b
A26: FIN | B26: ANXMAT | C26: -22.7676 | D26: 1.3268 | E26: -9.8302 | F26: 0.6617 | G26: =C26-E26 -> -12.9374 | H26: =SQRT(D26^2 + F26^2) -> 1.482648 | I26: =G26/H26 -> -8.7258742 | J26: =IF(ABS(I26)>1.96,"b","") -> b
A27: FIN | B27: TEACHSUP | C27: -4.1257 | D27: 1.1889 | E27: 4.1732 | F27: 0.8254 | G27: =C27-E27 -> -8.2989 | H27: =SQRT(D27^2 + F27^2) -> 1.4473315 | I27: =G27/H27 -> -5.7339319 | J27: =IF(ABS(I27)>1.96,"b","") -> b

Sheet Summary
A1: Component | B1: Points_NOR | C1: Points_FIN
A2: Total gap (2012 − 2022) | B2: =Decomposition!B8+Decomposition!C8+Decomposition!D8 -> 20.92208 | C2: =Decomposition!E8+Decomposition!F8+Decomposition!G8 -> 34.378061
A3: Observed gap | B3: =means_table_2012!D8-means_table_2022!D8 -> 20.9232 | C3: =means_table_2012!D15-means_table_2022!D15 -> 34.3829
A4: SE of gap, without link error | B4: =SQRT(means_table_2012!E8^2 + means_table_2022!E8^2) -> 1.7517974 | C4: =SQRT(means_table_2012!E15^2 + means_table_2022!E15^2) -> 1.4155755
A5: SE of gap, with link error | B5: =SQRT(means_table_2012!E8^2 + means_table_2022!E8^2 + 3.58^2) -> 3.9856234 | C5: =SQRT(means_table_2012!E15^2 + means_table_2022!E15^2 + 3.58^2) -> 3.8497083
A6: t-value, with link error | B6: =B2/B5 -> 5.2493871 | C6: =C2/C5 -> 8.9300432
A7: 95% CI lower | B7: =B2-1.96*B5 -> 13.110258 | C7: =C2-1.96*C5 -> 26.832633
A8: 95% CI upper | B8: =B2+1.96*B5 -> 28.733902 | C8: =C2+1.96*C5 -> 41.92349
A9: Endowment effect | B9: =Decomposition!B8 -> 13.96054 | C9: =Decomposition!E8 -> 7.2748753
A10: Coefficient effect | B10: =Decomposition!C8 -> -2.5868038 | C10: =Decomposition!F8 -> 26.166339
A11: Interaction effect | B11: =Decomposition!D8 -> 9.5483439 | C11: =Decomposition!G8 -> 0.93684677
A12: Sum check (should = Total gap) | B12: =SUM(B9:B11) -> 20.92208 | C12: =SUM(C9:C11) -> 34.378061
A14: Variable contributions to Endowment | B14: NOR | C14: FIN
A15: (Intercept) | B15: =Decomposition!B2 -> 0 | C15: =Decomposition!E2 -> 0
A16: ESCS | B16: =Decomposition!B3 -> -3.7893872 | C16: =Decomposition!E3 -> 0.58477606
A17: LANGNOther | B17: =Decomposition!B4 -> 1.2415309 | C17: =Decomposition!E4 -> 2.0521919
A18: MATHEFF | B18: =Decomposition!B5 -> 13.907183 | C18: =Decomposition!E5 -> 3.4478408
A19: ANXMAT | B19: =Decomposition!B6 -> 2.0930126 | C19: =Decomposition!E6 -> 0.50232322
A20: TEACHSUP | B20: =Decomposition!B7 -> 0.50820055 | C20: =Decomposition!E7 -> 0.68774336
B21: =SUM(B15:B20) -> 13.96054 | C21: =SUM(C15:C20) -> 7.2748753

Sheet means_table_2012
A1: cycle | B1: country | C1: variable | D1: mean | E1: se | F1: t_value | G1: p_value | H1: significant
A2: 2012 | B2: NOR | C2: ESCS | D2: 0.3312 | E2: 0.0097 | F2: 34.279 | G2: 1.63e-257 | H2: *
A3: 2012 | B3: NOR | C3: MATHEFF | D3: -0.0266 | E3: 0.0154 | F3: -1.731 | G3: 0.0834
A4: 2012 | B4: NOR | C4: ANXMAT | D4: 0.0181 | E4: 0.0137 | F4: 1.317 | G4: 0.188
A5: 2012 | B5: NOR | C5: TEACHSUP | D5: -0.0372 | E5: 0.0151 | F5: -2.463 | G5: 0.0138 | H5: *
A6: 2012 | B6: NOR | C6: LANGNMajority | D6: 0.922 | E6: 0.0033 | F6: 282.74 | G6: 0 | H6: *
A7: 2012 | B7: NOR | C7: LANGNOther | D7: 0.078 | E7: 0.0033 | F7: 23.917 | G7: 2.05e-126 | H7: *
A8: 2012 | B8: NOR | C8: PV_MATH | D8: 489.3731 | E8: 1.3855 | F8: 353.202 | G8: 0 | H8: *
A9: 2012 | B9: FIN | C9: ESCS | D9: 0.2829 | E9: 0.0078 | F9: 36.28 | G9: 3.35e-288 | H9: *
A10: 2012 | B10: FIN | C10: MATHEFF | D10: -0.2683 | E10: 0.0103 | F10: -26.038 | G10: 1.86e-149 | H10: *
A11: 2012 | B11: FIN | C11: ANXMAT | D11: -0.3049 | E11: 0.0104 | F11: -29.352 | G11: 2.25e-189 | H11: *
A12: 2012 | B12: FIN | C12: TEACHSUP | D12: 0.1568 | E12: 0.0124 | F12: 12.63 | G12: 1.44e-36 | H12: *
A13: 2012 | B13: FIN | C13: LANGNMajority | D13: 0.9625 | E13: 0.0012 | F13: 806.254 | G13: 0 | H13: *
A14: 2012 | B14: FIN | C14: LANGNOther | D14: 0.0375 | E14: 0.0012 | F14: 31.409 | G14: 1.54e-216 | H14: *
A15: 2012 | B15: FIN | C15: PV_MATH | D15: 518.7503 | E15: 1.0214 | F15: 507.885 | G15: 0 | H15: *

Sheet means_table_2022
A1: cycle | B1: country | C1: variable | D1: mean | E1: se | F1: t_value | G1: p_value | H1: significant
A2: 2022 | B2: NOR | C2: ESCS | D2: 0.512 | E2: 0.0098 | F2: 52.19 | G2: 0 | H2: *
A3: 2022 | B3: NOR | C3: MATHEFF | D3: -0.5523 | E3: 0.0132 | F3: -41.986 | G3: 0 | H3: *
A4: 2022 | B4: NOR | C4: ANXMAT | D4: 0.2203 | E4: 0.0123 | F4: 17.878 | G4: 1.75e-71 | H4: *
A5: 2022 | B5: NOR | C5: TEACHSUP | D5: -0.1841 | E5: 0.0117 | F5: -15.682 | G5: 2e-55 | H5: *
A6: 2022 | B6: NOR | C6: LANGNMajority | D6: 0.8592 | E6: 0.0038 | F6: 228.751 | G6: 0 | H6: *
A7: 2022 | B7: NOR | C7: LANGNOther | D7: 0.1408 | E7: 0.0038 | F7: 37.479 | G7: 2.04e-307 | H7: *
A8: 2022 | B8: NOR | C8: PV_MATH | D8: 468.4499 | E8: 1.072 | F8: 436.996 | G8: 0 | H8: *
A9: 2022 | B9: FIN | C9: ESCS | D9: 0.2587 | E9: 0.007 | F9: 36.755 | G9: 9.65e-296 | H9: *
A10: 2022 | B10: FIN | C10: MATHEFF | D10: -0.3928 | E10: 0.0106 | F10: -36.903 | G10: 4.2e-298 | H10: *
A11: 2022 | B11: FIN | C11: ANXMAT | D11: -0.2538 | E11: 0.0097 | F11: -26.147 | G11: 1.08e-150 | H11: *
A12: 2022 | B12: FIN | C12: TEACHSUP | D12: -0.008 | E12: 0.0098 | F12: -0.817 | G12: 0.414
A13: 2022 | B13: FIN | C13: LANGNMajority | D13: 0.9198 | E13: 0.0015 | F13: 598.811 | G13: 0 | H13: *
A14: 2022 | B14: FIN | C14: LANGNOther | D14: 0.0802 | E14: 0.0015 | F14: 52.207 | G14: 0 | H14: *
A15: 2022 | B15: FIN | C15: PV_MATH | D15: 484.3674 | E15: 0.9801 | F15: 494.179 | G15: 0 | H15: *

Sheet reg_results_2012
A1: cycle | B1: country | C1: variable | D1: coefficient | E1: se | F1: t_value | G1: p_value | H1: significant
A2: 2012 | B2: NOR | C2: (Intercept) | D2: 489.8382 | E2: 1.2427 | F2: 394.184 | G2: 0 | H2: *
A3: 2012 | B3: NOR | C3: ESCS | D3: 11.5088 | E3: 1.2866 | F3: 8.945 | G3: 0 | H3: *
A4: 2012 | B4: NOR | C4: LANGNOther | D4: -36.189 | E4: 3.3673 | F4: -10.747 | G4: 0 | H4: *
A5: 2012 | B5: NOR | C5: MATHEFF | D5: 34.6006 | E5: 1.5484 | F5: 22.346 | G5: 0 | H5: *
A6: 2012 | B6: NOR | C6: ANXMAT | D6: -23.207 | E6: 1.2913 | F6: -17.971 | G6: 0 | H6: *
A7: 2012 | B7: NOR | C7: TEACHSUP | D7: 2.9613 | E7: 1.4731 | F7: 2.01 | G7: 0.0444 | H7: *
A8: 2012 | B8: FIN | C8: (Intercept) | D8: 519.2641 | E8: 1.0596 | F8: 490.035 | G8: 0 | H8: *
A9: 2012 | B9: FIN | C9: ESCS | D9: 18.6063 | E9: 0.9082 | F9: 20.487 | G9: 0 | H9: *
A10: 2012 | B10: FIN | C10: LANGNOther | D10: -66.2327 | E10: 2.9405 | F10: -22.524 | G10: 0 | H10: *
A11: 2012 | B11: FIN | C11: MATHEFF | D11: 35.7414 | E11: 1.2374 | F11: 28.885 | G11: 0 | H11: *
A12: 2012 | B12: FIN | C12: ANXMAT | D12: -22.7676 | E12: 1.3268 | F12: -17.16 | G12: 0 | H12: *
A13: 2012 | B13: FIN | C13: TEACHSUP | D13: -4.1257 | E13: 1.1889 | F13: -3.47 | G13: 0.0005 | H13: *

Sheet reg_results_2022
A1: cycle | B1: country | C1: variable | D1: coefficient | E1: se | F1: t_value | G1: p_value | H1: significant
A2: 2022 | B2: NOR | C2: (Intercept) | D2: 478.0352 | E2: 1.3101 | F2: 364.884 | G2: 0 | H2: *
A3: 2022 | B3: NOR | C3: ESCS | D3: 20.959 | E3: 1.1317 | F3: 18.521 | G3: 0 | H3: *
A4: 2022 | B4: NOR | C4: LANGNOther | D4: -19.7696 | E4: 2.1797 | F4: -9.07 | G4: 0 | H4: *
A5: 2022 | B5: NOR | C5: MATHEFF | D5: 26.4546 | E5: 0.8245 | F5: 32.087 | G5: 0 | H5: *
A6: 2022 | B6: NOR | C6: ANXMAT | D6: -10.3512 | E6: 0.8234 | F6: -12.572 | G6: 0 | H6: *
A7: 2022 | B7: NOR | C7: TEACHSUP | D7: 3.4595 | E7: 0.9286 | F7: 3.726 | G7: 0.0002 | H7: *
A8: 2022 | B8: FIN | C8: (Intercept) | D8: 490.3912 | E8: 0.9459 | F8: 518.464 | G8: 0 | H8: *
A9: 2022 | B9: FIN | C9: ESCS | D9: 24.1643 | E9: 0.7926 | F9: 30.488 | G9: 0 | H9: *
A10: 2022 | B10: FIN | C10: LANGNOther | D10: -48.0607 | E10: 2.1153 | F10: -22.72 | G10: 0 | H10: *
A11: 2022 | B11: FIN | C11: MATHEFF | D11: 27.6935 | E11: 0.6013 | F11: 46.058 | G11: 0 | H11: *
A12: 2022 | B12: FIN | C12: ANXMAT | D12: -9.8302 | E12: 0.6617 | F12: -14.857 | G12: 0 | H12: *
A13: 2022 | B13: FIN | C13: TEACHSUP | D13: 4.1732 | E13: 0.8254 | F13: 5.056 | G13: 0 | H13: *
